method,eval_id,gen,depth,learning_rate,l2_leaf_reg,random_strength,bagging_temperature,rmse_mean,rmse_std,r2_mean,r2_std,mae_mean,mae_std,total_fit_time
ga,1,0,6,0.09187580429017989,7.221009559127135,1.3947360581187278,0.18835469577529906,1.2363038524308696,0.043890141955256916,0.39385295788451236,0.046108505207477314,0.8971873866118762,0.033652380163481065,5.6448447704315186
ga,2,0,9,0.19335401244690462,5.769520250036253,1.5721286105539076,0.25622726535109175,1.2299610578951028,0.03535050328549903,0.400190157926488,0.03997424798521767,0.8913303318125336,0.028217705481738478,8.023228406906128
ga,3,0,10,0.083601228548272,8.448215604730962,1.287730240161329,1.64552322654166,1.2264287120315673,0.043313789897509385,0.4038824178943539,0.03983556704046661,0.8875861079655781,0.030946188766137205,9.722680568695068
ga,4,0,8,0.09245532999504477,1.687480340010694,1.1091695740316696,0.12763451220835065,1.2248339398347188,0.044211995102590475,0.40540763084786224,0.04053619781914622,0.887155557227216,0.031137143875610108,6.579943895339966
ga,5,0,10,0.12002448937083642,5.729117640927423,0.7090519362597367,1.9413960487898065,1.2340512097045002,0.041844379706364954,0.3961385941353422,0.04390345363754844,0.8948957120180359,0.032568250761224084,9.846744060516357
ga,6,0,10,0.17245766390543027,6.003209464682024,0.38927741570393515,0.9334420074540684,1.2239392752626101,0.039971094000891716,0.4064358695364601,0.03587087215125501,0.8848850734315612,0.02678326214123126,10.13172721862793
ga,7,0,8,0.061924361116012294,4.8200212536380524,1.4895243118156343,1.93501946486842,1.232114322455501,0.04295804345657625,0.39816821069738345,0.042497759257021095,0.8938981227972537,0.031951287480638954,6.592393159866333
ga,8,0,6,0.07854823244248797,2.3467115240253227,0.9391116225516158,0.3789427181685714,1.2414973626735983,0.045571920757925016,0.3882124649057036,0.05408222350491625,0.9022734366662857,0.04062447091886598,5.170509099960327
ga,9,0,8,0.0966880737336113,1.6862010253433073,1.3396279893650207,0.8743038377446615,1.225401274905924,0.04119027717369317,0.40472593118308897,0.04085375460672958,0.8883518206605793,0.02964090527643102,6.5487096309661865
ga,10,0,6,0.15859600080073,5.014932616908875,0.6247332827640821,1.6645196027904021,1.224362347077418,0.04299595822917111,0.4057913228727081,0.04092924689968695,0.8859410272940942,0.02960883818466885,5.498122692108154
ga,11,0,8,0.08555693812927911,1.9423527460967525,1.364991007949951,0.2795049672186196,1.2260022123657384,0.04591326606375664,0.4042884728811556,0.04133854010760492,0.8883961574437867,0.031222916385359442,6.976530075073242
ga,12,0,10,0.06596700015015797,1.0170967574190222,1.5738487550042768,1.3297017131840643,1.2316120910769055,0.04059359380530104,0.39856109901068365,0.042662172005914205,0.893393043513137,0.030838587776136274,9.898029327392578
ga,13,0,8,0.14757599430020443,2.8768404434871577,1.1374823919057875,0.2795939962553149,1.229200771949823,0.04177721452282307,0.4009231043754228,0.04297262989486433,0.8910034993438611,0.03089851038700364,6.65179705619812
ga,14,0,9,0.05860355736042314,4.660182898310379,0.942192412286265,1.1304722129623777,1.2307745149362386,0.04217225802121412,0.39948237905486295,0.04187240959671863,0.8931186398007197,0.031038453183332274,8.024572134017944
ga,15,0,6,0.12053370620311908,3.5774980083891696,1.118414321490827,0.6079001961252244,1.229136229543882,0.04332944279764361,0.4011251957947528,0.0417500980947475,0.8907195223758949,0.031064758113553984,5.392200469970703
ga,16,0,9,0.052182416825006184,2.73348936928828,0.4291693456390584,0.8170572874492723,1.2300194448569806,0.04405209239913357,0.4003328526561365,0.04122585844168242,0.8919786007447819,0.03129681689425797,7.971693992614746
ga,17,0,10,0.06915372987289063,1.1436752998794897,0.5627677840439931,0.5871875155333672,1.2259314919382722,0.04217350904483285,0.4044245833250004,0.038365600549789415,0.8885538247669317,0.028879811611511264,10.114187479019165
ga,18,0,10,0.1251651590169732,3.6060533890941806,1.567796418212827,1.328627080654775,1.2307182867618822,0.038790933113792635,0.3991343000581353,0.046117046919323404,0.8922729258373483,0.0329688975830393,10.206750392913818
ga,19,0,8,0.15454647721959652,1.4688346867518005,0.045424146267720955,0.1800957215512835,1.2226543400903236,0.04027654378348361,0.40768306716441316,0.03585828110554445,0.8839361315876291,0.027267696112568875,6.788213729858398
ga,20,0,8,0.13610487113404368,2.8965246597927927,0.3225435580672036,1.002089550206727,1.220155890075817,0.042980752351911275,0.41033928121314717,0.033522095454993954,0.881571017313185,0.027440199321871885,6.776616334915161
ga,21,0,10,0.1312794181879508,2.7935488849050834,0.762042452192965,0.603024178295753,1.2230705530751225,0.04315917633842126,0.40730352926387514,0.03694660076168384,0.8829561372976832,0.02850808276926634,10.052202463150024
ga,22,0,6,0.11979479174826074,2.3004490051611124,0.175299838632202,0.23601180424103063,1.2322551737782146,0.040027466532895004,0.3979363925669538,0.04257327846173868,0.8935688451525496,0.030657692564706223,5.254000663757324
ga,23,0,7,0.17619358292632376,5.008493722873623,0.5317399229190392,1.9383527546954478,1.2245868667037447,0.04258675069389432,0.4058218450361501,0.03703593101886508,0.8846850282175845,0.02724314284524356,5.81674337387085
ga,24,0,10,0.14717185599272406,5.2106294430416185,0.8987230042875773,0.544483123690318,1.2274853719680416,0.038940537597995546,0.40283277488935865,0.03789549433412444,0.8888053587376816,0.02760111443319855,10.164356470108032
ga,25,0,6,0.17473938198419495,2.8561189441201273,0.40472672959046063,0.611913248301305,1.2309186520140507,0.04159621200412446,0.39882619500308947,0.04868681935583915,0.8941312687179339,0.034844742263890685,5.442249059677124
ga,26,1,6,0.15859600080073,2.7935488849050834,0.6247332827640821,1.6645196027904021,1.2277739979135276,0.0429195897287819,0.40233287133686524,0.0431531573323728,0.889600053701043,0.031066982820368377,5.431379318237305
ga,27,1,10,0.10678581430001433,2.6425837058046215,0.762042452192965,1.6831448882356834,1.2264902230807466,0.041658647862806444,0.4038749472115345,0.03809611361155038,0.8872012719313114,0.028895344775432378,10.162022352218628
ga,28,1,8,0.09245532999504477,1.4688346867518005,0.045424146267720955,0.1800957215512835,1.2228234255500943,0.04434209997358463,0.4074337080718323,0.03943397593433876,0.8844813393495146,0.029837580459885858,6.792959451675415
ga,29,1,8,0.083601228548272,2.8965246597927927,1.287730240161329,1.002089550206727,1.2247736398928413,0.045061098425816314,0.40542103491302556,0.041550217403092504,0.8869223974194073,0.031362099733263815,6.7124903202056885
ga,30,1,8,0.17473938198419495,1.687480340010694,1.1091695740316696,0.611913248301305,1.223497292907394,0.046585217501314224,0.4067529410093586,0.04120111597149434,0.8842635223963683,0.03167592585655164,6.863847255706787
ga,31,1,9,0.07982202158232628,5.2106294430416185,1.3396279893650207,0.544483123690318,1.2257437155913098,0.04111138507779373,0.4045888146647192,0.03800969156485913,0.8881486677323895,0.028090626156594408,8.0574791431427
ga,32,1,8,0.0966880737336113,2.7935488849050834,0.762042452192965,0.8743038377446615,1.2233691564525886,0.04271088204635381,0.40685185655606376,0.039284314183980124,0.8859161127992918,0.029393263640550962,6.863887786865234
ga,33,1,9,0.13610487113404368,2.7805559800742103,0.4914413814248496,1.07936220539995,1.2209270984249503,0.04077889218067254,0.40933208540686383,0.036563374355018365,0.8828040022556707,0.02874640409439023,8.084702968597412
ga,34,1,9,0.17245766390543027,1.5535766844299488,1.4042018418054918,0.8743038377446615,1.229275248079363,0.0411061606598109,0.4008226867966311,0.04293394899698203,0.888459914014334,0.031363378083898795,8.083909034729004
ga,35,1,8,0.13610487113404368,1.6862010253433073,1.3396279893650207,0.8743038377446615,1.2261559110795188,0.04089886767359063,0.40380242569908686,0.04348383991876031,0.8884249387366683,0.031006269126030682,7.099214553833008
ga,36,1,6,0.17473938198419495,5.014932616908875,0.6247332827640821,0.611913248301305,1.2285505463678184,0.040915748236530984,0.4014626817077417,0.04379867215494838,0.8902792197873236,0.03208736867432585,5.646145343780518
ga,37,1,8,0.14757599430020443,5.008493722873623,0.5317399229190392,1.9383527546954478,1.2314306034181552,0.042639151629418774,0.3986585569866087,0.044644268169163295,0.8928401213888844,0.0339263313355771,6.998044729232788
ga,38,1,10,0.08896036908575201,7.732816775097453,0.4314881847118396,0.9334521346250381,1.2254099299991927,0.04233222614899103,0.4048958594965189,0.03884339573542587,0.8880032427030464,0.029311711916281794,10.429145336151123
ga,39,1,6,0.1312794181879508,5.014932616908875,0.762042452192965,0.603024178295753,1.2278482453835262,0.04200332799492016,0.40228244123363927,0.042404846419530844,0.8902916885075236,0.030903751843839408,5.338096380233765
ga,40,1,9,0.06915372987289063,5.769520250036253,1.5721286105539076,0.25622726535109175,1.2299123778250527,0.04265016430246133,0.4002515068815232,0.043078392566249485,0.8937622897487099,0.03176780340167774,7.883731126785278
ga,41,1,8,0.15859600080073,5.014932616908875,1.1091695740316696,0.12763451220835065,1.2264232700296211,0.04472597984279361,0.40382747587131257,0.04132888815047044,0.8868926930823037,0.030448075297385507,6.69657826423645
ga,42,1,7,0.17619358292632376,4.660182898310379,0.5317399229190392,1.1304722129623777,1.229657707599054,0.03923743077563394,0.4004954853646412,0.04172355377210166,0.8915695483673861,0.02987429507593848,5.877984523773193
ga,43,1,6,0.17245766390543027,3.5774980083891696,0.38927741570393515,0.6079001961252244,1.2284219289873648,0.03862032836042931,0.40189963131086237,0.03835138789596583,0.8895374988564493,0.02603089271124602,5.310250282287598
ga,44,1,10,0.083601228548272,5.014932616908875,1.287730240161329,1.6645196027904021,1.2268522935353552,0.04292619299825227,0.4033750136017161,0.041094221202890496,0.8882556698054309,0.031263402595069587,10.03956151008606
ga,45,1,6,0.13610487113404368,2.8965246597927927,0.3225435580672036,1.6645196027904021,1.2254459756197797,0.04332380936771981,0.4048205072953692,0.04014586821768636,0.8880278658823674,0.03006742622836329,5.244925260543823
ga,46,2,8,0.15454647721959652,1.4688346867518005,0.045424146267720955,1.6831448882356834,1.2279119581779914,0.04422889444780585,0.4024002025004421,0.04091480193713254,0.887357424083531,0.028560822709664636,6.697349548339844
ga,47,2,8,0.15454647721959652,1.687480340010694,1.1091695740316696,0.1800957215512835,1.2288007895115955,0.04437504197386834,0.40136324001908036,0.04335869518482287,0.8900540312312483,0.03173743125458556,6.802926540374756
ga,48,2,8,0.13610487113404368,1.4688346867518005,0.045424146267720955,0.8743038377446615,1.2234441856768707,0.04151529879486303,0.40687833577178373,0.03733937042831826,0.8851749523826988,0.028680127922588852,6.624532222747803
ga,49,2,6,0.1312794181879508,2.8965246597927927,1.287730240161329,0.603024178295753,1.2280102675325397,0.04316930989763427,0.4021100991584361,0.04327901315128239,0.8901363319752414,0.031491110980874135,5.290762662887573
ga,50,2,9,0.083601228548272,2.8965246597927927,1.287730240161329,1.07936220539995,1.227903197566025,0.04113742128257124,0.40230836211937904,0.04076012853412501,0.8902483003338192,0.02944090805725825,7.788924932479858
ga,51,2,7,0.13610487113404368,1.687480340010694,0.829135639649873,1.0920216181740559,1.2271842457072473,0.03997466889625811,0.40299597432181516,0.040398169551174735,0.8889881859294011,0.028021750926018895,5.83644962310791
ga,52,2,6,0.15454647721959652,1.4688346867518005,0.045424146267720955,1.6645196027904021,1.233426548576047,0.04274114110588093,0.3965654860083819,0.04687712575369315,0.8950510356511121,0.03314411033220433,5.283687353134155
ga,53,2,8,0.13610487113404368,2.7805559800742103,0.4914413814248496,1.07936220539995,1.2274041555141753,0.04221452159557849,0.40288627103818114,0.04006582732248688,0.8901624763754823,0.029257108506097217,6.608606815338135
ga,54,2,8,0.07982202158232628,1.687480340010694,1.3396279893650207,0.611913248301305,1.226361479274837,0.045643953842409574,0.4038434606254733,0.04249720606736289,0.8882107723008845,0.03183649163468471,6.61950945854187
ga,55,2,8,0.13610487113404368,2.8965246597927927,0.3225435580672036,1.6645196027904021,1.2277293555889752,0.0409651684180556,0.4025588551794289,0.03966515789357388,0.8892201445454665,0.030394966835199155,6.692552089691162
ga,56,2,8,0.1480511118517336,1.798102118628684,0.0,0.0,1.2195393774382157,0.046984790167336185,0.41065082503639044,0.04014400406120455,0.8793729634665818,0.0315948411054465,6.514209032058716
ga,57,2,8,0.13610487113404368,2.8965246597927927,0.045424146267720955,0.1800957215512835,1.2192850953135346,0.04159772618547221,0.41108501622053095,0.03416644660042877,0.8799588477426618,0.027015120958138975,6.5929083824157715
ga,58,2,8,0.15454647721959652,2.320047619795716,1.287730240161329,0.34855428859927035,1.2208661955755733,0.04699631604722412,0.4094128055774623,0.03950022751212649,0.8790895617378027,0.031821907870026395,6.580038547515869
ga,59,2,10,0.08205381247704253,4.249953812475539,0.22911200656374736,0.1800957215512835,1.2231379699193117,0.042807521732660635,0.4071663049810394,0.03807108301501078,0.8850357118610084,0.02833450776925456,9.865546941757202
ga,60,2,6,0.13610487113404368,1.6862010253433073,0.3225435580672036,0.8743038377446615,1.2347886618278678,0.04360822782335765,0.39518399151239025,0.04788768223998154,0.8967276129539954,0.03487502130809078,5.330792427062988
ga,61,2,6,0.15859600080073,2.7935488849050834,0.6247332827640821,0.12763451220835065,1.2278093722785388,0.0439935417375454,0.4022492679388465,0.04421340658716253,0.8891538260344986,0.031148259782915112,5.292901515960693
ga,62,2,8,0.13999710418256753,1.9096212615330255,1.2570276335714206,0.2795049672186196,1.2255265672384084,0.038596785938174345,0.4046865131867339,0.03852851922635766,0.8877735691325057,0.02783808675857353,6.647257328033447
ga,63,3,8,0.13999710418256753,1.9096212615330255,1.2570276335714206,0.0,1.2253731022152787,0.04104758551163404,0.40468353118631156,0.04187582782868424,0.8888477565145234,0.030414417083937842,6.6198625564575195
ga,64,3,8,0.13610487113404368,2.7805559800742103,0.045424146267720955,1.07936220539995,1.2224993782126232,0.04148622105637027,0.407742073510278,0.03780417848885342,0.8843353757772722,0.027836593959442664,6.636338710784912
ga,65,3,8,0.13610487113404368,2.8965246597927927,0.3225435580672036,0.0,1.2191245401590254,0.04013226148731343,0.4112304268234682,0.03358193030044165,0.8809302806963469,0.026787147563891247,6.612489938735962
ga,66,3,7,0.13610487113404368,3.0979480937397623,0.3225435580672036,0.9380752685469601,1.2271144987784859,0.04262401493337027,0.4031908890162059,0.039889830690531355,0.8888021622535384,0.028328946108674473,5.864187955856323
ga,67,3,8,0.13610487113404368,1.4688346867518005,0.4914413814248496,0.1800957215512835,1.2217205968691958,0.04199131940555714,0.40863352591383517,0.03608441268826324,0.8821410121260399,0.027771159247588134,6.640790700912476
ga,68,3,8,0.13610487113404368,1.687480340010694,1.3396279893650207,0.611913248301305,1.2234706967084108,0.04281768071873385,0.4065795733616753,0.04194940721263466,0.8857228158427415,0.032188749064046646,6.624863862991333
ga,69,3,8,0.13610487113404368,2.8965246597927927,0.4914413814248496,1.002089550206727,1.2220646688388057,0.044243532434156976,0.4083479166432837,0.036647584196414305,0.8821850387932066,0.028295801929883277,6.627943992614746
ga,70,3,8,0.15454647721959652,2.320047619795716,0.3225435580672036,0.34855428859927035,1.2183044372564984,0.043022250429135614,0.4121158832888242,0.03365000945432537,0.8788726179808094,0.028802275015002755,6.60400128364563
ga,71,3,8,0.07982202158232628,1.798102118628684,0.0,0.544483123690318,1.2231728232982007,0.044564126099943036,0.40723880442160454,0.037412507223286776,0.8840117029842853,0.030133193616974314,6.555638551712036
ga,72,3,8,0.07982202158232628,1.687480340010694,1.3396279893650207,0.1800957215512835,1.2286880229938157,0.044278489190032966,0.40142335005673324,0.04408387966299233,0.8914795143710039,0.03252616094142977,6.670189380645752
ga,73,3,8,0.1480511118517336,1.4688346867518005,0.045424146267720955,0.1800957215512835,1.2201446535234353,0.04049754838788509,0.4101893058141507,0.034692381931065754,0.8803868467917267,0.026301497331253622,6.615103721618652
ga,74,3,8,0.12103300170437077,2.185274149262206,0.46730882288258996,0.1506884434083992,1.2277662192273093,0.041682387001713554,0.4023660055009482,0.04230480849299413,0.8909222117655842,0.028938705051728172,6.62346625328064
ga,75,3,7,0.13610487113404368,2.7479058749707526,0.13492620432296099,0.9599752643405697,1.218836546302303,0.04452384687670739,0.41153697264950234,0.03566583664072164,0.8790887768707997,0.029080445282736015,5.805579423904419
ga,76,3,8,0.13999710418256753,1.4688346867518005,1.2570276335714206,0.2795049672186196,1.2239862832887307,0.04082979125885572,0.40622468806263834,0.038816014428746444,0.8851364004102328,0.02991562435546459,6.6044700145721436
ga,77,3,7,0.1480511118517336,2.41974703431469,1.033847384785945,0.11170058716206352,1.223733559000676,0.04120812349596197,0.40653148372532916,0.03812881149807448,0.8862774570747988,0.02795663647934133,5.828249216079712
ga,78,3,9,0.13610487113404368,2.7805559800742103,0.3225435580672036,1.07936220539995,1.2195471449560853,0.04474742887340374,0.4107254097469578,0.03755516324079879,0.8816814722207343,0.029090595984239857,7.826427221298218
ga,79,3,7,0.1564971871191142,1.3057420380440832,0.0,0.0,1.2248113357821164,0.039950151019912686,0.4055519633038793,0.03647727637138717,0.8863433566206617,0.02764199778996894,5.7739527225494385
ga,80,3,9,0.1304253151580637,1.9598794305053449,0.4914413814248496,0.0,1.2315319258283286,0.0393906884955259,0.39856201235076416,0.04326943162497059,0.8934790915976158,0.03128985918710773,7.778123617172241
ga,81,3,8,0.15859600080073,1.4688346867518005,0.6247332827640821,0.12763451220835065,1.2256659031554185,0.04227962881152444,0.40461005045988474,0.03937905372556592,0.8866042638231795,0.02623081381315671,6.615107536315918
ga,82,3,8,0.13610487113404368,1.687480340010694,0.3225435580672036,1.002089550206727,1.2251964979742394,0.04230258743315796,0.40509961947291717,0.03897166090481981,0.8872386603095261,0.02859798307480669,6.637009620666504
ga,83,4,8,0.13610487113404368,2.8965246597927927,0.0,0.544483123690318,1.2177145301686165,0.04605113601731625,0.41276441632386823,0.03423875872123126,0.8778771224540336,0.03043421942763846,6.572014331817627
ga,84,4,8,0.13610487113404368,2.320047619795716,0.3225435580672036,0.1800957215512835,1.2206661285271185,0.041933707045643476,0.4095583196523391,0.037447156315817756,0.8813952303290773,0.028741538216192665,6.603340148925781
ga,85,4,8,0.17079786389705578,1.6177121975011037,0.3225435580672036,0.34855428859927035,1.2169137564789703,0.04414306412717846,0.4133450596454985,0.03605626844369716,0.8770212739539301,0.03072630360355588,6.6440911293029785
ga,86,4,8,0.13610487113404368,2.7805559800742103,0.3225435580672036,1.07936220539995,1.220998474687773,0.04422414881112133,0.4092904357325624,0.03803104783958796,0.8820547631446882,0.029628384483946495,6.6178812980651855
ga,87,4,9,0.13610487113404368,2.8965246597927927,0.3225435580672036,0.0,1.220596927999605,0.04407467266210034,0.4097839939328187,0.0360908667890118,0.880322341467704,0.028135123527699937,7.7978129386901855
ga,88,4,8,0.15454647721959652,2.7479058749707526,1.287730240161329,0.9599752643405697,1.2210656395100314,0.04315749244688854,0.409398985382279,0.034406736524580324,0.8803743355889905,0.027988507847206873,6.662163496017456
ga,89,4,8,0.15454647721959652,2.8965246597927927,0.3225435580672036,0.0,1.2193001160536816,0.03996132051961718,0.4110249198580126,0.03404254098184192,0.8816770687812301,0.025591622190780178,6.589427947998047
ga,90,4,9,0.15672130798407183,3.0538834969247706,0.5503333865041079,1.0368126490415803,1.222070522390322,0.045378960416029034,0.4082275414626834,0.039084317633394414,0.8818776229174248,0.030469839598719406,7.79960036277771
ga,91,4,8,0.13610487113404368,1.798102118628684,0.0,0.1800957215512835,1.2219596189808495,0.04121464341239222,0.4082802613546823,0.037610769643901774,0.8835121381529898,0.028227896745824335,6.556167364120483
ga,92,4,8,0.1480511118517336,1.4688346867518005,0.3225435580672036,0.0,1.2206697910406223,0.04231888463938411,0.4096015944357606,0.03699524821971866,0.8826034574635034,0.028405126829375727,6.628347158432007
ga,93,4,8,0.1480511118517336,1.4688346867518005,0.0,0.12000635230045356,1.221413750069903,0.040866309910061224,0.4088779573376901,0.036265366107233646,0.8823927955699608,0.026884318035772084,6.600354909896851
ga,94,4,8,0.13610487113404368,2.8965246597927927,0.4914413814248496,1.07936220539995,1.226338124377319,0.04081760268921343,0.40405239766535866,0.03725305523493705,0.8886121494588706,0.02618495010485039,6.626581430435181
ga,95,4,8,0.07982202158232628,1.798102118628684,0.0,0.0,1.2238001265468437,0.04242312900686878,0.406406444460086,0.039643427263010574,0.8862066393242776,0.02974415069456772,6.582462310791016
ga,96,4,8,0.15454647721959652,2.320047619795716,0.0,0.544483123690318,1.215483993811396,0.04455560722427381,0.4148057584723076,0.03494280469996322,0.8758981641962917,0.029976385225210827,6.536915302276611
ga,97,4,8,0.15454647721959652,1.4688346867518005,0.045424146267720955,0.34855428859927035,1.217782085194612,0.0424484215261735,0.4125536272750101,0.034280227082003546,0.8786061570571922,0.02925050774061493,6.6455464363098145
ga,98,5,7,0.13610487113404368,2.8965246597927927,0.13492620432296099,0.9599752643405697,1.2202266736865526,0.04605253501400039,0.4103166070079773,0.03468643769183393,0.8808955843231819,0.03009662592237165,5.840630054473877
ga,99,5,7,0.15454647721959652,2.8965246597927927,0.045424146267720955,0.0,1.2188129831011218,0.042192807634837445,0.41151071938392125,0.035008374293206176,0.880088159806129,0.027950060076613353,5.832559585571289
ga,100,5,8,0.13610487113404368,2.7805559800742103,0.13492620432296099,1.07936220539995,1.2235372534283324,0.0439317241716113,0.4067346346505786,0.039316094993723585,0.8849103936073324,0.030457794631302746,6.612009286880493
ga,101,5,8,0.15454647721959652,2.8965246597927927,0.3225435580672036,0.34855428859927035,1.2189984791014623,0.04590832131110839,0.41133993946651887,0.03701573363845823,0.8797026946999029,0.029489214555033186,6.608982801437378
ga,102,5,6,0.14561603956879487,2.278200295083031,0.045424146267720955,0.9275566488201181,1.2296360797874146,0.0433631463698053,0.4006720506816409,0.04140186027462449,0.8906899563613976,0.02974369257183693,5.2645485401153564
ga,103,5,8,0.15454647721959652,2.320047619795716,0.0,0.0,1.2206697169310106,0.04344790208998462,0.4097010348294825,0.03606762497447084,0.881839485057425,0.029110056723104998,6.564630746841431
ga,104,5,7,0.14611423971819296,1.8950216809880962,0.045424146267720955,0.4640731972976913,1.2287138997495162,0.042779184410972386,0.4011720232074586,0.04634379982343605,0.8908756567868876,0.033554338755630506,5.846099853515625
ga,105,5,8,0.12327233670335769,1.8708208496978256,0.3225435580672036,0.34855428859927035,1.2189541953295842,0.04197884283587167,0.4114329929674844,0.03395154946897532,0.8807761776525881,0.02838405561186648,6.680750370025635
ga,106,5,8,0.15454647721959652,1.4179644849928956,0.166325438786108,0.34855428859927035,1.2153645344405195,0.045783350641830686,0.4149833925874864,0.03478333065200644,0.8760739642796123,0.030892439813144105,6.600862264633179
ga,107,5,8,0.13610487113404368,1.6177121975011037,0.3225435580672036,0.34855428859927035,1.2182315541624864,0.04301183468901656,0.4119718884786905,0.03709096870633977,0.8801622582096063,0.029579230396254326,6.606353759765625
ga,108,5,7,0.13610487113404368,2.7479058749707526,0.0,0.9599752643405697,1.2291683780689202,0.040408037396885976,0.40089993829444753,0.043157966495511964,0.8907699241841396,0.02983649378648195,5.762286424636841
ga,109,5,8,0.15454647721959652,2.7479058749707526,1.287730240161329,0.544483123690318,1.2204864700942897,0.04211171720127257,0.40979264660103115,0.03656364008303883,0.882430260477487,0.02691648094793899,6.66697359085083
ga,110,5,9,0.13610487113404368,2.320047619795716,0.3225435580672036,0.0,1.2248283606889032,0.04230133975387936,0.40561314921382924,0.03637680040980102,0.8843856970086703,0.026855144123626173,7.8272483348846436
ga,111,5,8,0.13610487113404368,2.7479058749707526,0.045424146267720955,0.34855428859927035,1.2207791212092372,0.042507917109503475,0.4095655546321006,0.035886955725435245,0.8829541356935795,0.027416171115962045,6.677462577819824
ga,112,5,8,0.15454647721959652,2.320047619795716,0.045424146267720955,0.34855428859927035,1.214640236748695,0.043757909203201474,0.415577883910181,0.035027717948393475,0.8755139798753806,0.03148498872497179,6.69446587562561
ga,113,5,8,0.13610487113404368,2.350192750915809,0.045424146267720955,0.2513222849399515,1.2185129719572219,0.044788289387604346,0.41187516173496574,0.0353191296902127,0.8783189808979088,0.029440180189991474,6.657806396484375
ga,114,5,8,0.13610487113404368,1.6177121975011037,0.3225435580672036,0.1800957215512835,1.2227398913537564,0.04088716478787082,0.4074294870893679,0.03890048065443151,0.8834605348176157,0.02959037352757575,6.679357051849365
ga,115,5,8,0.15454647721959652,2.320047619795716,0.045424146267720955,0.544483123690318,1.2173965389516506,0.044169497303828256,0.41291873483498964,0.03558035341527018,0.8781488708290001,0.030428119500211466,6.63047194480896
ga,116,5,8,0.17079786389705578,2.8965246597927927,0.3225435580672036,0.34855428859927035,1.2218258479525408,0.03641825196448256,0.4084476200449195,0.03447686786064812,0.8838410311725621,0.02539467824015494,6.679776906967163
ga,117,5,8,0.1480511118517336,1.4688346867518005,0.3225435580672036,0.12000635230045356,1.220218703906606,0.04216531043646327,0.4099874734737199,0.037547559164267254,0.8817061136932194,0.02855069126832528,6.619228839874268
ga,118,6,8,0.15454647721959652,2.7479058749707526,0.13492620432296099,0.9599752643405697,1.2206587579903838,0.04087176926916863,0.4097378695518306,0.03416392309112548,0.8819505570371765,0.02581964772183769,6.616339445114136
ga,119,6,8,0.18168538041304205,1.6177121975011037,0.4014901193191851,0.34855428859927035,1.219982628068474,0.04393593324680788,0.41041936106241755,0.03545137936357314,0.8796002102045725,0.027946650105833075,6.607620000839233
ga,120,6,8,0.17079786389705578,1.6177121975011037,0.3225435580672036,0.2513222849399515,1.218161637777081,0.044429537068368476,0.4123086944109353,0.033345963260927584,0.8765383483238294,0.030238203762687953,6.606675386428833
ga,121,6,7,0.14876984879783534,2.9173205393922883,0.3225435580672036,0.302991905582163,1.220061725272371,0.0423710422718638,0.4103772331778341,0.03398750033474943,0.8808061870076169,0.025203535302154145,5.843918323516846
ga,122,6,8,0.15454647721959652,2.320047619795716,0.3225435580672036,0.544483123690318,1.2213181671760545,0.045020131116020705,0.409161454447164,0.03570017211283321,0.8807158894937631,0.029681938814327104,6.567998170852661
ga,123,6,7,0.15454647721959652,2.320047619795716,0.045424146267720955,0.544483123690318,1.2216783623156648,0.04230727270300286,0.408806568309684,0.034076314230464894,0.8819991138490048,0.02694549199384165,5.843498468399048
ga,124,6,7,0.1435590619824674,1.9245276870514514,0.3225435580672036,0.3474989258610018,1.2204148544043238,0.04149361025839872,0.4099449459379181,0.03510921057901496,0.8825258407186818,0.026134711254646014,5.848871946334839
ga,125,6,8,0.15454647721959652,1.6177121975011037,0.3225435580672036,0.34855428859927035,1.216658556640849,0.044118263531127855,0.41363092712343796,0.03538198909765814,0.87750121089191,0.031233481043106925,6.650177240371704
ga,126,6,8,0.15454647721959652,2.7479058749707526,0.045424146267720955,0.2513222849399515,1.2141026002999253,0.046080331147975925,0.41620492785008334,0.03465239368908747,0.8740615907165591,0.03158317679295275,6.663955450057983
ga,127,6,8,0.13610487113404368,1.6177121975011037,0.3225435580672036,0.544483123690318,1.2223466634007683,0.0400227612454061,0.4080891697644984,0.033969117489886146,0.8840061440498932,0.027293861913632964,6.622685194015503
ga,128,6,8,0.15454647721959652,2.320047619795716,0.0,0.34855428859927035,1.2153837046752876,0.04318160890087278,0.4149117212955601,0.033866131423468844,0.875898812028644,0.029698226421248575,6.583877325057983
ga,129,6,8,0.15454647721959652,1.4179644849928956,0.045424146267720955,0.34855428859927035,1.217586282469875,0.04243110462520746,0.4126422762658759,0.03591832762010047,0.8783663663249379,0.028899432843569956,6.618178129196167
ga,130,6,8,0.13610487113404368,2.320047619795716,0.045424146267720955,0.544483123690318,1.2172135280360687,0.04668138897917585,0.4132203204040561,0.03495220300727342,0.8771058672930556,0.030725717619057177,6.70628023147583
ga,131,6,7,0.13610487113404368,2.7479058749707526,0.2969439962947737,0.9599752643405697,1.2249666364879306,0.0435540172893858,0.4050249138023621,0.043680832524801344,0.886311699184936,0.03179479064731918,5.858415842056274
ga,132,6,8,0.12327233670335769,1.6177121975011037,0.3225435580672036,0.34855428859927035,1.2220788658142738,0.043323113383182815,0.40818551839667505,0.038429393199097384,0.8831602397052457,0.029387855255412692,6.638580560684204
ga,133,7,9,0.15454647721959652,1.0052577585559028,0.0,0.44113827977070064,1.2181147853267253,0.04500016858318854,0.4122710300206112,0.035131464861692406,0.8769227585248363,0.03034175359889089,7.846734046936035
ga,134,7,8,0.11087093409328665,3.6996736864194237,0.06602429952317289,0.2369983410267263,1.220999543891305,0.044251750272716384,0.409277315769787,0.03808620696800432,0.8824422966414358,0.02880809542893425,6.897647380828857
ga,135,7,8,0.15454647721959652,2.883325746560374,0.045424146267720955,0.34855428859927035,1.2203206536902436,0.04187318961729173,0.4099304559354279,0.03679299908415724,0.8809489557183964,0.028321867850952115,6.864701271057129
ga,136,7,7,0.18418222054790925,1.9504362606336263,0.045424146267720955,0.41290992490097755,1.22654421375924,0.037426486326578724,0.40382598491583116,0.036009375652932975,0.8898523764492599,0.0264805258509544,5.883496046066284
ga,137,7,8,0.15454647721959652,2.320047619795716,0.166325438786108,0.34855428859927035,1.2174784929165012,0.04852053350387247,0.412781108643778,0.03880726000609231,0.8774657968599928,0.034572606861240605,6.667135953903198
ga,138,7,7,0.15454647721959652,3.154067577604971,0.39936919718665465,0.34855428859927035,1.2316256193064081,0.0366148530400337,0.39836905493382346,0.04369171663995764,0.8937696257644676,0.030475371369589936,5.878849506378174
ga,139,7,8,0.15454647721959652,2.7479058749707526,0.045424146267720955,0.544483123690318,1.2125800640732007,0.040227591328038256,0.4177759290098123,0.02884107111409635,0.8733291008379324,0.027399416058597602,6.677000045776367
ga,140,7,8,0.15454647721959652,1.452989822479385,0.166325438786108,0.3573473263495539,1.2152613410328426,0.047258990130314975,0.41512145245913956,0.03482268779457465,0.8749725260373854,0.03183695979246211,6.638455152511597
ga,141,7,8,0.14579476263624996,3.118914142913373,0.12597150766136478,0.2513222849399515,1.2198750536489122,0.04077968349031334,0.41042835112561116,0.03516850105330821,0.8810368802471725,0.026140797610069256,6.644265174865723
ga,142,7,8,0.1287647520191038,1.2860487624204155,0.3225435580672036,0.31123562060835724,1.225648051926228,0.03979700990631719,0.40438851724536706,0.04173401113335502,0.8873428568990642,0.030854301994850248,6.627547025680542
ga,143,7,8,0.17079786389705578,1.6177121975011037,0.045424146267720955,0.2513222849399515,1.2209273547183261,0.044038799482584684,0.40957625106273554,0.034446509649223,0.8793966330519435,0.030204291562660416,6.710982322692871
ga,144,7,8,0.1554693962420247,1.4179644849928956,0.045424146267720955,0.38141075003809266,1.2147171419448992,0.045686870530921485,0.41571292691356404,0.03277508317790006,0.8747035361787923,0.030370825780542655,6.646353721618652
ga,145,8,7,0.15454647721959652,2.7445477025907006,0.0,0.47380349632572966,1.2263983456579406,0.03889329051325136,0.40370824465110894,0.04081130132859488,0.8890213927191736,0.03041322894817121,5.840392589569092
ga,146,8,8,0.1601050808734334,2.0160417823375156,0.045424146267720955,0.22081755906412967,1.2160521497616747,0.045205815097087036,0.41432501618767825,0.034095624837921557,0.8757030539276489,0.02981607296371082,6.639898061752319
ga,147,8,8,0.15454647721959652,2.320047619795716,0.0,0.6107061762740731,1.217312794613471,0.0439858061050215,0.41304452103977995,0.03456620114017311,0.8783947700401831,0.02968458003922403,6.670785427093506
ga,148,8,8,0.15454647721959652,2.7479058749707526,0.166325438786108,0.2513222849399515,1.2151195448624277,0.0425228006052695,0.41518977190014195,0.0330769871364072,0.8761554671610099,0.028863216950642045,6.625449180603027
ga,149,8,8,0.15454647721959652,2.117592135655973,0.0,0.2523600277070563,1.216837578687004,0.045233510724537296,0.4135425590665072,0.034703550827270536,0.876871209185531,0.030306331058449574,6.658907651901245
ga,150,8,9,0.15454647721959652,1.0,0.045424146267720955,0.2256108190497096,1.2227399073819796,0.04039226203765247,0.4076126133443454,0.035892565838006034,0.8838789204644248,0.026184815087766156,9.08022928237915
ga,151,8,8,0.15454647721959652,2.320047619795716,0.045424146267720955,0.2513222849399515,1.2145501671902577,0.049613299230843115,0.4157195073377843,0.037758674916952,0.8728088715565072,0.035881156839334044,6.995847940444946
ga,152,8,9,0.12518293436490321,2.320047619795716,0.0,0.34855428859927035,1.217735962789094,0.04250546463997104,0.41259140512880776,0.034596250899844784,0.879548083542884,0.028372691919727827,7.898847341537476
ga,153,8,8,0.15454647721959652,2.684151720197062,0.045424146267720955,0.34855428859927035,1.217431699133506,0.04553498785835103,0.41297808668419816,0.034797853169417296,0.8777574655212655,0.031285183654764646,6.64977502822876
ga,154,8,8,0.15454647721959652,1.0052577585559028,0.0,0.34855428859927035,1.218120810113834,0.041351777630382204,0.4121455523759555,0.03503291797850905,0.8799830279966709,0.02766982835145467,6.658442974090576
ga,155,9,8,0.1481971304304992,2.7479058749707526,0.0,0.2523600277070563,1.2131762493915235,0.04830211552462632,0.417051552640741,0.03679477022858842,0.8729779923116154,0.03457978896287708,6.680416822433472
ga,156,9,8,0.18141082027632713,4.929809771327301,0.045424146267720955,0.34855428859927035,1.2235722160480251,0.03819256291836947,0.406826125583773,0.034284844104752875,0.8839165363653286,0.02683226858252658,6.75680136680603
ga,157,9,8,0.15454647721959652,2.1709592985830493,0.166325438786108,0.5597666207690963,1.221076077025454,0.04160062518629056,0.40956130553666137,0.03057281740338516,0.8816699126387387,0.02623068017728224,6.774303913116455
ga,158,9,8,0.15454647721959652,2.221392421113444,0.009465778581077083,0.5846882077948076,1.2177351063682367,0.04373739203173926,0.4126118974845088,0.03482387803695282,0.8788679488158909,0.02800538660809037,6.644584894180298
ga,159,9,8,0.15454647721959652,2.0160417823375156,0.045424146267720955,0.544483123690318,1.21756924060828,0.04496998732632589,0.4128147505167252,0.034931884448797176,0.8758989639323133,0.031059474366147144,6.635775804519653
ga,160,9,9,0.15454647721959652,4.4034415745517785,0.0,0.5460857946755587,1.2233237065893086,0.04318154372511477,0.40700090393515403,0.03807698829145305,0.8834759311007779,0.029897682042806694,7.773258924484253
ga,161,9,8,0.1840553525243159,4.413716465441617,0.045424146267720955,0.3118200027840759,1.2195136741110473,0.03775069292368505,0.41091596433069955,0.031024120761086276,0.879254837138452,0.024769004539659245,6.646438121795654
ga,162,9,8,0.15454647721959652,1.4179644849928956,0.166325438786108,0.544483123690318,1.22002114924809,0.04191755674143926,0.4105428147319241,0.031438948703748575,0.879923755041545,0.027298815270873338,6.609404802322388
