method,eval_id,depth,learning_rate,l2_leaf_reg,random_strength,bagging_temperature,rmse_mean,rmse_std,r2_mean,r2_std,mae_mean,mae_std,total_fit_time
grid,1,7,0.08,2.0,0.8,0.8,1.2304195812080712,0.04337687864162794,0.399675003754779,0.044569575519109686,0.892526935568997,0.0328145869305792,5.9383225440979
grid,2,7,0.08,2.0,0.8,1.0,1.2269807178573828,0.04375794110351015,0.40330339965559714,0.040738799458087026,0.8892142506814652,0.03123403932696287,5.940281867980957
grid,3,7,0.08,2.0,0.8,1.2,1.2297338652971068,0.04311070862665696,0.40053996890632726,0.041709574268791225,0.8919441907363697,0.030890653089855422,5.946305751800537
grid,4,7,0.08,2.0,1.0,0.8,1.2300705947941561,0.04184466673602177,0.4000448756222247,0.043425060128335455,0.8930875640970983,0.03206494658762856,5.987027883529663
grid,5,7,0.08,2.0,1.0,1.0,1.2274414594619063,0.040660532687879045,0.4026856558767461,0.04161163086637211,0.8905774866099204,0.03096096615230927,5.789860963821411
grid,6,7,0.08,2.0,1.0,1.2,1.231175017417919,0.04343130266966041,0.3989219044420676,0.04494099720555936,0.8941460110058854,0.03314719207332571,5.657904386520386
grid,7,7,0.08,2.0,1.2,0.8,1.233563164871398,0.043055785251770284,0.3965159739512431,0.045889961967740145,0.8951599744845474,0.03468269311854969,5.738079786300659
grid,8,7,0.08,2.0,1.2,1.0,1.2346789726046243,0.046515980958595916,0.39511389250679957,0.051389475075622554,0.8975477907759453,0.0385850204473688,5.688233137130737
grid,9,7,0.08,2.0,1.2,1.2,1.228571303218538,0.04312774890656778,0.40154028649701046,0.043573308812238434,0.8915937849131973,0.03303586563044857,5.702460527420044
grid,10,7,0.08,3.0,0.8,0.8,1.2294784525499884,0.04321208498578939,0.400753318481346,0.042329605947785204,0.8921718791212001,0.0314028624388008,5.69562029838562
grid,11,7,0.08,3.0,0.8,1.0,1.2291443995262408,0.042854890867616714,0.4009960378748231,0.04323417351401455,0.891756524923719,0.031798385714231034,5.636128902435303
grid,12,7,0.08,3.0,0.8,1.2,1.228412092766254,0.043556560858053324,0.4018017643560137,0.042279538875221866,0.8915527250333278,0.031639642462278524,5.672948360443115
grid,13,7,0.08,3.0,1.0,0.8,1.2287533882627126,0.04300742467872279,0.4014799723735896,0.04185917355939383,0.8915464429703241,0.030754962698325138,5.685700178146362
grid,14,7,0.08,3.0,1.0,1.0,1.2291219872034076,0.043085396740157426,0.40112004177601684,0.0418337650344403,0.8918411806568045,0.031466662862034186,5.751232147216797
grid,15,7,0.08,3.0,1.0,1.2,1.2282371174678368,0.04459458162524813,0.40194573565544883,0.0431084055295016,0.8909693478612845,0.032193811476063046,5.825579404830933
grid,16,7,0.08,3.0,1.2,0.8,1.229138605552072,0.04517262873666385,0.4010656519481938,0.04347840559054284,0.891663299962174,0.03233322279730136,5.841430187225342
grid,17,7,0.08,3.0,1.2,1.0,1.2297836482331415,0.04483623801172883,0.4003755111103926,0.04412397466765072,0.8924505760720441,0.0326260135762052,5.67914080619812
grid,18,7,0.08,3.0,1.2,1.2,1.2286718337371063,0.04458497783123654,0.4015861000598021,0.04225921861802934,0.8908282948144605,0.032616603428683756,5.809755563735962
grid,19,7,0.08,4.0,0.8,0.8,1.2308524706642001,0.043180895247154606,0.39938522989855463,0.042743907188056166,0.8935894782239175,0.0315753257681703,5.824054956436157
grid,20,7,0.08,4.0,0.8,1.0,1.229341123456318,0.0431831687094978,0.40091077951522774,0.04186890835846523,0.8911507524897345,0.030624178243878794,5.846268653869629
grid,21,7,0.08,4.0,0.8,1.2,1.2261759657694884,0.044043458765591764,0.4040228132152481,0.04170910313474115,0.8892300085793716,0.032240387207393834,5.732600927352905
grid,22,7,0.08,4.0,1.0,0.8,1.2273709127978587,0.044837903678256935,0.4028962227765117,0.041711689660238874,0.8893250477326584,0.031712754255207046,5.771005392074585
grid,23,7,0.08,4.0,1.0,1.0,1.2263895424164213,0.04416715870495257,0.4038640974679438,0.041084734380932145,0.8886445853074143,0.031232085951563616,6.311648845672607
grid,24,7,0.08,4.0,1.0,1.2,1.2300123890890449,0.042527370578043414,0.40011892031429747,0.04357310234069637,0.8931126132875067,0.03181872558439283,6.214184284210205
grid,25,7,0.08,4.0,1.2,0.8,1.2279392819362396,0.043799541906408036,0.4023453568333565,0.041136378519674055,0.8900874685244803,0.031144416915864153,6.159912109375
grid,26,7,0.08,4.0,1.2,1.0,1.2276183772043339,0.045081438387548495,0.40241334141062113,0.045064419155729854,0.8904335219545771,0.03385314148178536,6.010162353515625
grid,27,7,0.08,4.0,1.2,1.2,1.2273467486151592,0.0448205546551658,0.4029787140979385,0.04090002247129958,0.8893087837225535,0.03212020818853001,5.986422300338745
grid,28,7,0.1,2.0,0.8,0.8,1.2272644034725162,0.042303449507909284,0.40273604930188933,0.044004865060489264,0.8900759909745675,0.032594458336761535,5.93375825881958
grid,29,7,0.1,2.0,0.8,1.0,1.2299434039561112,0.039994256175267674,0.40010723121213754,0.04359517473758392,0.8932002591416108,0.031982055647258686,5.821559906005859
grid,30,7,0.1,2.0,0.8,1.2,1.2267343693488348,0.04303739598524124,0.40358260719214656,0.03978968360477749,0.8893158373910917,0.029582483574685344,5.825468063354492
grid,31,7,0.1,2.0,1.0,0.8,1.225253230620829,0.04391597283688823,0.4049901448569484,0.040641286254390764,0.888474735232581,0.03029514519445288,5.723692417144775
grid,32,7,0.1,2.0,1.0,1.0,1.225459447479453,0.044646177675075574,0.4047603300862794,0.04142089450175252,0.8879214772562003,0.03038953553406445,5.672228813171387
grid,33,7,0.1,2.0,1.0,1.2,1.2329956267569555,0.04218666166520154,0.3971928570407246,0.04378902390720173,0.8949448217293533,0.03226167379145173,5.712944507598877
grid,34,7,0.1,2.0,1.2,0.8,1.2302879135111384,0.04457661770574395,0.3998797250816478,0.04414281097226521,0.8918984641502046,0.03297216976811367,5.69731593132019
grid,35,7,0.1,2.0,1.2,1.0,1.2291083547939887,0.04200120875597384,0.4011049262156556,0.04170717179986403,0.8911873148182103,0.030618802838457176,5.679218292236328
grid,36,7,0.1,2.0,1.2,1.2,1.222833115376211,0.04673126029397081,0.4073812477907949,0.04132867236446367,0.8846657621393004,0.03163863871390497,5.9772562980651855
grid,37,7,0.1,3.0,0.8,0.8,1.228686132066505,0.0422959034532651,0.40137370282213247,0.043769705859448046,0.8915754738908388,0.03146600224447766,5.699467420578003
grid,38,7,0.1,3.0,0.8,1.0,1.227232770107544,0.04344418385966532,0.4029721072567791,0.04182842156198944,0.8890008930907815,0.030381697694216895,5.78824257850647
grid,39,7,0.1,3.0,0.8,1.2,1.225185956144389,0.04271924475262299,0.4051552747129671,0.03855117269964096,0.8875343543799517,0.02951103039119796,5.75848126411438
grid,40,7,0.1,3.0,1.0,0.8,1.227340143629704,0.04403268658693664,0.40276926560295856,0.04339120890740117,0.8903585726707479,0.032245771986084935,5.764203071594238
grid,41,7,0.1,3.0,1.0,1.0,1.2256646850938586,0.04419529610806478,0.40463271622558555,0.04014779978265151,0.8876329402309022,0.030301111822016145,5.773692607879639
grid,42,7,0.1,3.0,1.0,1.2,1.2250833258570666,0.04584333412074385,0.4051792062578127,0.04131143285852889,0.8866708531771075,0.030750452168249166,5.798124074935913
grid,43,7,0.1,3.0,1.2,0.8,1.2319157809045722,0.045107402405744484,0.3980358923331115,0.04784306852767003,0.8946427427235282,0.03520591224396436,5.786904335021973
grid,44,7,0.1,3.0,1.2,1.0,1.2307509302163535,0.042054171118735995,0.3993561960591884,0.043982326502925016,0.8929408034976423,0.032123211697456376,5.8567893505096436
grid,45,7,0.1,3.0,1.2,1.2,1.2290589761743236,0.0440276527073541,0.40108865189164594,0.04363336545050632,0.8913222537561409,0.0319761085207128,5.829060316085815
grid,46,7,0.1,4.0,0.8,0.8,1.2298270663212842,0.0413723066735647,0.40025207585904604,0.043687018767732975,0.8923014336642222,0.031260661700111124,5.788024425506592
grid,47,7,0.1,4.0,0.8,1.0,1.2299491022417157,0.044797519124889065,0.40007675143395965,0.04596357073267237,0.8924574048364875,0.033546667323525015,5.827435255050659
grid,48,7,0.1,4.0,0.8,1.2,1.2274667722053105,0.04423489312333701,0.40284270019386553,0.04083422594049673,0.8888012045304089,0.031171302032035355,5.788254022598267
grid,49,7,0.1,4.0,1.0,0.8,1.2265456579991476,0.0438352770479614,0.4036050874384493,0.042395312942728296,0.8895537852497737,0.0314843626713091,5.845443487167358
grid,50,7,0.1,4.0,1.0,1.0,1.2272261210443847,0.044318776236362156,0.4030148855880585,0.0417652793085033,0.8902146013339486,0.03044413225274152,5.787981748580933
grid,51,7,0.1,4.0,1.0,1.2,1.2264399922847034,0.044196435591157025,0.40380251963732905,0.041270671745143234,0.8880059672671534,0.031129084088797856,5.806880235671997
grid,52,7,0.1,4.0,1.2,0.8,1.2282192432181387,0.04271854237678483,0.4019807308625004,0.04200138274361417,0.8910780851458403,0.031744184413792315,5.940412282943726
grid,53,7,0.1,4.0,1.2,1.0,1.2265935067182423,0.044087025487399255,0.40351111326569694,0.043215855155122544,0.8890433132237318,0.031589235678110866,5.94753885269165
grid,54,7,0.1,4.0,1.2,1.2,1.22672759895615,0.04237457958970421,0.4033215015171949,0.04309431568726579,0.8888599320375121,0.031185414293413025,5.859276056289673
grid,55,7,0.12,2.0,0.8,0.8,1.228470350194441,0.042388037395731694,0.4016541657455991,0.04295449117147249,0.8916109661180801,0.031243405031103552,5.928077936172485
grid,56,7,0.12,2.0,0.8,1.0,1.2287322009842208,0.040650169656338685,0.4014346012210067,0.04173146740638014,0.8902882257192195,0.03012934136579885,5.802472829818726
grid,57,7,0.12,2.0,0.8,1.2,1.2265013948734427,0.04309306773511241,0.4036358816033722,0.042271560990202905,0.8892050987237508,0.031228390126567994,5.800607919692993
grid,58,7,0.12,2.0,1.0,0.8,1.2286791022271601,0.04089302582450835,0.4014620991087159,0.04213038676163372,0.8909645585756992,0.030424429349213297,6.012725830078125
grid,59,7,0.12,2.0,1.0,1.0,1.2278383102556738,0.0411262303681924,0.40251711813526614,0.038616343675588666,0.8893341533272112,0.02761262674755655,6.143726587295532
grid,60,7,0.12,2.0,1.0,1.2,1.2257297607636264,0.04394465087955794,0.4043868627982216,0.04258322800382713,0.8882167514603598,0.03015398874509211,5.810102462768555
grid,61,7,0.12,2.0,1.2,0.8,1.2297333079067163,0.040945274669222875,0.4002596310071461,0.044617673278604386,0.8922878340792822,0.03226817560623039,5.904490947723389
grid,62,7,0.12,2.0,1.2,1.0,1.2245753741685526,0.04411782553539746,0.40566328273921853,0.04045594469310762,0.8875434541437146,0.02993887065051418,5.832279443740845
grid,63,7,0.12,2.0,1.2,1.2,1.2247150316830921,0.04166684689822814,0.40549925724979896,0.03966664229061436,0.8876967770874591,0.028881306257595326,5.869146823883057
grid,64,7,0.12,3.0,0.8,0.8,1.2274106807972773,0.044089997161017115,0.40275698451198466,0.042650351838543675,0.8898603440714317,0.030435789694681158,5.8337180614471436
grid,65,7,0.12,3.0,0.8,1.0,1.2301294373301463,0.04299977293365216,0.40005702510516183,0.04307535649780142,0.8927791286163155,0.031975697697806484,5.787858486175537
grid,66,7,0.12,3.0,0.8,1.2,1.2245828776649799,0.043510311937065116,0.40564331006716126,0.04029422885340292,0.8866262447984516,0.030242613303979714,5.779170751571655
grid,67,7,0.12,3.0,1.0,0.8,1.2326173029340497,0.04017363101815163,0.39761513752941935,0.04216532263871749,0.8947628849306263,0.030146035826560436,5.886474132537842
grid,68,7,0.12,3.0,1.0,1.0,1.2284601605269292,0.041962301583954156,0.4018884790654533,0.039576638987774186,0.8900689279625373,0.028813602639529635,6.002150774002075
grid,69,7,0.12,3.0,1.0,1.2,1.2313172467871671,0.042740875028322925,0.3985801225747359,0.04727714206134366,0.8937125345935291,0.03327135550061253,5.919626474380493
grid,70,7,0.12,3.0,1.2,0.8,1.2307905463031146,0.04162733203678673,0.39896096588245494,0.04860876580534135,0.8932226901153146,0.03478288530345062,5.88823938369751
grid,71,7,0.12,3.0,1.2,1.0,1.22603255987606,0.04362019234000473,0.4041454544966509,0.04163416173603289,0.8886525293039199,0.031753587468811545,5.919126987457275
grid,72,7,0.12,3.0,1.2,1.2,1.225145139355891,0.04437628608322955,0.40511311705674125,0.04059592075103009,0.8862273460217797,0.029896446506088418,5.959005355834961
grid,73,7,0.12,4.0,0.8,0.8,1.2265876529229454,0.043735211085243864,0.40372025664172406,0.04019367818871826,0.8882232376058872,0.02887638771225044,5.838160991668701
grid,74,7,0.12,4.0,0.8,1.0,1.226279311165305,0.04259822003759605,0.4038539436519747,0.04197156786170548,0.8878433443156581,0.02981516670427998,6.180607080459595
grid,75,7,0.12,4.0,0.8,1.2,1.21892794139215,0.04411987267742747,0.41129026017417336,0.03783018916556852,0.8801709402650942,0.029256519019535965,6.519963264465332
grid,76,7,0.12,4.0,1.0,0.8,1.2294655084782482,0.041648363095765466,0.4006390914534751,0.04339947646486008,0.8916184775409285,0.03062330238656427,7.846112251281738
grid,77,7,0.12,4.0,1.0,1.0,1.2262984309069809,0.04398609049374893,0.4037784887790171,0.04348169814219334,0.8886254203483801,0.03153127926639107,8.262574434280396
grid,78,7,0.12,4.0,1.0,1.2,1.2262918630990136,0.04274394713238225,0.40384656405516284,0.04190446090296192,0.8880507911938655,0.0301545607270848,6.583842039108276
grid,79,7,0.12,4.0,1.2,0.8,1.2272978725148664,0.040030223157764215,0.4029981131376178,0.038882481292099536,0.8889940878925371,0.028448124284321277,6.319234609603882
grid,80,7,0.12,4.0,1.2,1.0,1.2256080165841798,0.04365130096440718,0.4046535581830016,0.04038253881926972,0.8881710266711499,0.029050498669631573,6.005167722702026
grid,81,7,0.12,4.0,1.2,1.2,1.2269040921783199,0.04225423786484073,0.40328412288809357,0.04131309891799487,0.8891621135063786,0.028666447372737235,5.950526237487793
grid,82,8,0.08,2.0,0.8,0.8,1.2284807543735146,0.04399348073954815,0.40179363753400743,0.04153887540468146,0.8906639968258734,0.03066388378286423,6.862263917922974
grid,83,8,0.08,2.0,0.8,1.0,1.2257425851021808,0.04196704580240187,0.4046080516104917,0.03810036291769907,0.8880462037160314,0.02832257018496583,6.997772693634033
grid,84,8,0.08,2.0,0.8,1.2,1.2257192496975107,0.04113847436152178,0.40451982700405276,0.03945101436725625,0.8892560070658287,0.02952698415820586,6.881822347640991
grid,85,8,0.08,2.0,1.0,0.8,1.2294965493467929,0.042636722083269935,0.40073158134577314,0.04199894724477561,0.8912091504905305,0.031266322451421566,6.960309028625488
grid,86,8,0.08,2.0,1.0,1.0,1.2303163027721342,0.04396643029591279,0.3998476943924748,0.043903721611023974,0.892497160880368,0.03254534193746153,6.656121253967285
grid,87,8,0.08,2.0,1.0,1.2,1.2276248215679917,0.04308346931943933,0.4025872573697932,0.041668278474528295,0.8894086914763953,0.030811983004443617,6.576703071594238
grid,88,8,0.08,2.0,1.2,0.8,1.2314785502299528,0.0432142369580669,0.3985847909130403,0.04536119116283278,0.8936578569194026,0.03296624257718726,6.5502235889434814
grid,89,8,0.08,2.0,1.2,1.0,1.228029449240713,0.04317943976573636,0.40228017495945095,0.04041647155347072,0.8896507665294522,0.03103992806944086,6.777398347854614
grid,90,8,0.08,2.0,1.2,1.2,1.2270896503428794,0.04018736281395923,0.4031226934725436,0.04002984787670429,0.8899198236240056,0.029197959965552064,6.8961851596832275
grid,91,8,0.08,3.0,0.8,0.8,1.2251220702865662,0.04581436076596563,0.40525272450737865,0.03960123274952162,0.8865220606594011,0.030444043936236877,7.015348434448242
grid,92,8,0.08,3.0,0.8,1.0,1.2259745998227398,0.04471102002849969,0.4043226885394395,0.040492770340040826,0.8880871620461287,0.031101710559560135,7.099272012710571
grid,93,8,0.08,3.0,0.8,1.2,1.2306108505457907,0.04096265490477263,0.39961016510377856,0.041816368974191775,0.8929235227419797,0.030764944136650554,6.6817615032196045
grid,94,8,0.08,3.0,1.0,0.8,1.2316456626590282,0.04489682994583901,0.39851324726550313,0.04485026931157952,0.8925696945127083,0.033333358498246195,6.628405809402466
grid,95,8,0.08,3.0,1.0,1.0,1.227721951301557,0.04271057032381448,0.40248293983349803,0.04159274377516333,0.8899188236795286,0.031221392121484618,7.217351913452148
grid,96,8,0.08,3.0,1.0,1.2,1.221586057304721,0.04332531859894258,0.4086936674439346,0.037975975786786326,0.8836568417448796,0.029562163044994996,6.744479417800903
grid,97,8,0.08,3.0,1.2,0.8,1.2281601820706807,0.043976599165967474,0.4021812612673199,0.04049595182379225,0.8897369687581929,0.030327686118391588,6.802780628204346
grid,98,8,0.08,3.0,1.2,1.0,1.2284783201357472,0.04210021574298235,0.40156072595917625,0.04395572871391397,0.8919147053783764,0.03243618712532805,6.898558139801025
grid,99,8,0.08,3.0,1.2,1.2,1.2282930450487313,0.04259747703168315,0.4020171554212104,0.040311243440516564,0.890216554902393,0.0304587973101876,6.814587116241455
grid,100,8,0.08,4.0,0.8,0.8,1.2243379027409316,0.04512542750034054,0.4059972055512344,0.039482514770021446,0.8859208744760234,0.030325641337268318,6.781975269317627
grid,101,8,0.08,4.0,0.8,1.0,1.2270178099167217,0.04348896625826694,0.4033329904358487,0.03954431149500512,0.8882198760623112,0.030273571453418285,6.9350879192352295
grid,102,8,0.08,4.0,0.8,1.2,1.2283081085931016,0.04070212662847987,0.40187196620564725,0.04128633808101229,0.8913253817996158,0.03065856438519026,6.749507665634155
grid,103,8,0.08,4.0,1.0,0.8,1.2297552877482785,0.04236730532934,0.40033475624692727,0.043864820857920386,0.8922717040913122,0.03258002099537094,6.649120092391968
grid,104,8,0.08,4.0,1.0,1.0,1.2268968896328047,0.04448285468643689,0.40332932229001706,0.041780650451015665,0.8888359239730692,0.031114471017417166,6.678548574447632
grid,105,8,0.08,4.0,1.0,1.2,1.2229250715991176,0.044390672450383604,0.4073582642173908,0.039140467201246414,0.8847450446711745,0.030548941374618634,6.671350955963135
grid,106,8,0.08,4.0,1.2,0.8,1.2320731610632325,0.0432883334920876,0.39801838376072374,0.045222310956890756,0.8939910536362154,0.03306409945184922,6.6880035400390625
grid,107,8,0.08,4.0,1.2,1.0,1.229663139432003,0.0437286848593464,0.4002574057505345,0.04681608169375833,0.8932415592117738,0.034919372838271436,6.6769609451293945
grid,108,8,0.08,4.0,1.2,1.2,1.2275335722262288,0.04141934778125486,0.4027537078789094,0.03972173425710645,0.8901487650392236,0.029975510754615263,6.648690938949585
grid,109,8,0.1,2.0,0.8,0.8,1.2293907868559888,0.040401572558186466,0.40084392143854475,0.04078381014045082,0.8921305324454052,0.030582377658709557,6.708728313446045
grid,110,8,0.1,2.0,0.8,1.0,1.222013665591649,0.04432068238007929,0.40827313220483746,0.03862673458352211,0.8843891359876096,0.029990526328861247,6.698139429092407
grid,111,8,0.1,2.0,0.8,1.2,1.2203553834503627,0.04587185865988327,0.40994878069106055,0.03840963448022128,0.8812855992207507,0.0320328874315747,6.677081108093262
grid,112,8,0.1,2.0,1.0,0.8,1.2287615172173723,0.03987138858898373,0.4014756302322787,0.04019579334395441,0.8910112130664223,0.029136089377964695,6.660736322402954
grid,113,8,0.1,2.0,1.0,1.0,1.225980834081911,0.0424154489462498,0.40419112643599175,0.041226986527463184,0.8885914077241189,0.030654819131530144,7.162619590759277
grid,114,8,0.1,2.0,1.0,1.2,1.225389812114293,0.04304494804009361,0.40491241870291256,0.03932390066452594,0.8872198992776097,0.029867144698164847,6.941379547119141
grid,115,8,0.1,2.0,1.2,0.8,1.2267674183268371,0.04263970817607975,0.40338932405276884,0.041760434445791784,0.8881691178924995,0.031000603916730398,7.261883735656738
grid,116,8,0.1,2.0,1.2,1.0,1.228099971265207,0.041870769598069735,0.40194098378914356,0.04358762943888257,0.8901101107400156,0.031346039440158895,7.071484327316284
grid,117,8,0.1,2.0,1.2,1.2,1.2232335896638826,0.042403613215586576,0.40708839863574175,0.03756478637372282,0.8840303602727444,0.02991605888679646,7.09684944152832
grid,118,8,0.1,3.0,0.8,0.8,1.2249951203645435,0.0405106676251005,0.4051043816747068,0.04078691273176113,0.8878675543042134,0.03064093928718982,7.057793378829956
grid,119,8,0.1,3.0,0.8,1.0,1.2288008674601638,0.03925293862266097,0.40135624829376726,0.041163877737206436,0.8917854919132978,0.030319602096871807,7.066363334655762
grid,120,8,0.1,3.0,0.8,1.2,1.2228565902595563,0.04257223219030666,0.4074750335983578,0.037368604995737985,0.8843338086706135,0.02884041485550212,7.109174489974976
grid,121,8,0.1,3.0,1.0,0.8,1.2262982027747342,0.04063317390794423,0.4039284518624302,0.03970992832764148,0.8888807789409163,0.028968183093737377,7.150548458099365
grid,122,8,0.1,3.0,1.0,1.0,1.2188884094235424,0.04423665880908487,0.41137547011154263,0.03723707340707269,0.8801117820655244,0.02946887831716581,7.142986536026001
grid,123,8,0.1,3.0,1.0,1.2,1.221818788559232,0.04522001716288932,0.408551299100855,0.03764779944837289,0.8821504463206914,0.02993916419306985,7.062530279159546
grid,124,8,0.1,3.0,1.2,0.8,1.2256076189235223,0.04367411127857914,0.40467902462679656,0.039962079188421276,0.8878291098737069,0.029859686072409502,7.0370728969573975
grid,125,8,0.1,3.0,1.2,1.0,1.2269772697232153,0.04531583769560674,0.40313734817708025,0.043791975385821434,0.8895269406614498,0.03323929278498528,7.093707323074341
grid,126,8,0.1,3.0,1.2,1.2,1.2269705178145043,0.04054458429496001,0.4032471107139294,0.04009152847971779,0.8885097621380463,0.030271228362015675,6.851545095443726
grid,127,8,0.1,4.0,0.8,0.8,1.2264185883061842,0.04071949281695782,0.4039409448642761,0.037748721562625036,0.8882856859803526,0.027935705850167844,7.055327653884888
grid,128,8,0.1,4.0,0.8,1.0,1.2260696798157993,0.04259898129006822,0.40428173271485957,0.038781559240379994,0.8885051456309961,0.02971900160318696,6.754696607589722
grid,129,8,0.1,4.0,0.8,1.2,1.2230040907391964,0.04568482747469606,0.4073383718820738,0.039069315964135605,0.8844330538983813,0.03085145849136404,6.7811408042907715
grid,130,8,0.1,4.0,1.0,0.8,1.2279646379945282,0.04194199925647235,0.402124225764784,0.04301360780910269,0.891304244338422,0.031761779876110265,6.708110332489014
grid,131,8,0.1,4.0,1.0,1.0,1.223606726511035,0.04347122371346691,0.40660608959498423,0.03999661963391942,0.8856016270599222,0.03100312032692352,6.685669660568237
grid,132,8,0.1,4.0,1.0,1.2,1.2227141224547247,0.045109226856092886,0.4076283178042546,0.03856196961142779,0.8849402024654497,0.030173671140970384,6.66759467124939
grid,133,8,0.1,4.0,1.2,0.8,1.2298083174450118,0.04236893644347171,0.40017494848707724,0.04532477379978002,0.8932893262547201,0.0339862588570519,6.674229145050049
grid,134,8,0.1,4.0,1.2,1.0,1.2290062092716796,0.045315982484138255,0.40120758948659196,0.04327713270160726,0.8907839299479701,0.0324490895569528,6.705648422241211
grid,135,8,0.1,4.0,1.2,1.2,1.2253435283744345,0.039807052059442675,0.4050195943778686,0.0367567963221505,0.8872133539506235,0.0281813701746463,6.627323627471924
grid,136,8,0.12,2.0,0.8,0.8,1.2278259703012657,0.04089869308012619,0.40241568624419877,0.04022839995940487,0.8890721053738343,0.029609897414167436,6.663917541503906
grid,137,8,0.12,2.0,0.8,1.0,1.2268923796365017,0.04109515820812703,0.40337489093134504,0.03953314560698947,0.889074123606633,0.028732190030555896,6.6975932121276855
grid,138,8,0.12,2.0,0.8,1.2,1.2232436480724405,0.04390396824306079,0.40669614143976246,0.043819431435240655,0.8868554829358171,0.03221977239455419,6.68421483039856
grid,139,8,0.12,2.0,1.0,0.8,1.2248362552294076,0.03984352902053254,0.4053681491521742,0.03884764218622252,0.8876029047310243,0.02794724397629545,6.710004568099976
grid,140,8,0.12,2.0,1.0,1.0,1.2221691343428147,0.04007283537897843,0.40810571262320156,0.03648664108683078,0.884072428622571,0.027227512785168363,6.670112133026123
grid,141,8,0.12,2.0,1.0,1.2,1.2288242092231005,0.040411500178580625,0.4012655151747838,0.04275024507910931,0.8914294488147974,0.030387723540907106,6.675947666168213
grid,142,8,0.12,2.0,1.2,0.8,1.2226172344022928,0.04083016482874936,0.40758798315196926,0.03818452554596304,0.8847415917426483,0.028394859511710228,6.658715009689331
grid,143,8,0.12,2.0,1.2,1.0,1.2234741548185089,0.04202432410477096,0.40676695925691286,0.03868006002602846,0.8846681842812435,0.028345056594507912,6.713299036026001
grid,144,8,0.12,2.0,1.2,1.2,1.2287090287138622,0.04178986450902599,0.4013651507272554,0.04343035630918059,0.8916311324845827,0.03222951506580679,6.698200225830078
grid,145,8,0.12,3.0,0.8,0.8,1.2286796439977976,0.03865074047357144,0.40161774929903443,0.038684604367827266,0.8901477887780294,0.028257710796092905,6.659069061279297
grid,146,8,0.12,3.0,0.8,1.0,1.2207620275033526,0.04129026214418997,0.4094979527650402,0.0366281663072749,0.8815907882337539,0.027862219465576266,6.710645437240601
grid,147,8,0.12,3.0,0.8,1.2,1.2219833159887936,0.04388836174213412,0.40817977740608924,0.040190278866377084,0.8845905873599055,0.03014085336404104,7.01652717590332
grid,148,8,0.12,3.0,1.0,0.8,1.2243362107566054,0.04209286494784098,0.4060499503619185,0.03698138960187917,0.8861394027924518,0.028332663115379342,7.258822679519653
grid,149,8,0.12,3.0,1.0,1.0,1.2238835543601072,0.041190684193166544,0.4063387455534155,0.038822013360784696,0.8854926160492671,0.02933685220205903,6.842987060546875
grid,150,8,0.12,3.0,1.0,1.2,1.2284677310726324,0.04065795497132814,0.4018552350530113,0.03926389807711123,0.8897490182901435,0.028545102147722073,6.68119215965271
grid,151,8,0.12,3.0,1.2,0.8,1.2246804332140366,0.042523852975837946,0.4056485374959973,0.03827381403275197,0.8855966944659499,0.02838532620351179,6.739038467407227
grid,152,8,0.12,3.0,1.2,1.0,1.2290100363492398,0.04152909131541808,0.40106496272373493,0.04335909760518724,0.8906557710348565,0.03129453936394959,6.872654914855957
grid,153,8,0.12,3.0,1.2,1.2,1.2209554761070747,0.04213153447676154,0.40936972495284873,0.036199854316190085,0.881171000203261,0.027661859637027716,6.832107305526733
grid,154,8,0.12,4.0,0.8,0.8,1.2231024788463027,0.04178212666903257,0.40724195032060073,0.03680583926397902,0.8848970346014653,0.02699263640995831,6.763342618942261
grid,155,8,0.12,4.0,0.8,1.0,1.2235735889772348,0.03995806127117343,0.4066538140687269,0.037972858157470354,0.88586599819734,0.027517165891005134,6.7634453773498535
grid,156,8,0.12,4.0,0.8,1.2,1.2242021114457058,0.04129714250119033,0.40598437003821664,0.039508091032032795,0.8862977453764553,0.029315008307788954,6.717435121536255
grid,157,8,0.12,4.0,1.0,0.8,1.2236989592051775,0.03879556895886397,0.4065413935698782,0.03721637370583772,0.8858709838885297,0.027258334279847894,6.71430516242981
grid,158,8,0.12,4.0,1.0,1.0,1.2279500149868459,0.041338832629671564,0.4020537643175276,0.043962853919443365,0.891522335892667,0.032998851061536306,6.671392917633057
grid,159,8,0.12,4.0,1.0,1.2,1.229853446260847,0.03964388924323288,0.40022969874279485,0.043010528602126744,0.8933962167786269,0.032232453638634036,6.721058368682861
grid,160,8,0.12,4.0,1.2,0.8,1.2256215594525126,0.04285130141213428,0.40462819940404915,0.04004138086613925,0.8869447632582033,0.029958981958197527,6.759469509124756
grid,161,8,0.12,4.0,1.2,1.0,1.2270634961034201,0.040948503900019105,0.40310309419742624,0.040886516072681484,0.8896583393159074,0.02950787739258404,6.687113285064697
grid,162,8,0.12,4.0,1.2,1.2,1.228105903384232,0.03955316329776156,0.402058674976754,0.04098889719076392,0.8911125879159562,0.02982863137155001,6.71548056602478
grid,163,9,0.08,2.0,0.8,0.8,1.223866710403955,0.04138052091709792,0.4064470666073653,0.03749435028936989,0.8865030803413824,0.028397333023710537,8.26046895980835
grid,164,9,0.08,2.0,0.8,1.0,1.2247582602426428,0.04304267921697829,0.40540976099925186,0.040934653461740175,0.886371073644372,0.03047464882910969,10.210519075393677
grid,165,9,0.08,2.0,0.8,1.2,1.2298295225503746,0.0415405220955312,0.40023315021332007,0.04394977903503577,0.8923717591844407,0.03149204052714582,9.939560413360596
grid,166,9,0.08,2.0,1.0,0.8,1.2266451649080632,0.04141966493944208,0.4035034916332222,0.04131376204759159,0.8892117116576882,0.029980818128043582,9.716481924057007
grid,167,9,0.08,2.0,1.0,1.0,1.2263720454815163,0.04182177463054773,0.40382695577163885,0.04071340051128452,0.889370662354336,0.02948796970131185,8.886159420013428
grid,168,9,0.08,2.0,1.0,1.2,1.2233540380885308,0.04433151216944954,0.4069596277311961,0.03889036318047114,0.8857361414767787,0.03110176611283963,8.465984582901001
grid,169,9,0.08,2.0,1.2,0.8,1.2261360008928963,0.04169857502511072,0.4042089964264356,0.03838869560817514,0.8879361115383458,0.02869191379246627,8.567146062850952
grid,170,9,0.08,2.0,1.2,1.0,1.2277154206683887,0.043250243871487216,0.4025417322623908,0.041178059756206795,0.8900186209669332,0.030611361739242175,8.527565240859985
grid,171,9,0.08,2.0,1.2,1.2,1.2270018458776903,0.042259319334772845,0.4034158488763245,0.037884745771106045,0.8886611263539237,0.028780530015963143,8.900495529174805
grid,172,9,0.08,3.0,0.8,0.8,1.222422671681311,0.04625249141285759,0.4078877637157309,0.03946552270991926,0.8833853366441708,0.031555619074330146,8.489330291748047
grid,173,9,0.08,3.0,0.8,1.0,1.2221971691195892,0.04365698672119471,0.40803242071752727,0.03914056642832801,0.884296113745522,0.029667864106930297,8.437965154647827
grid,174,9,0.08,3.0,0.8,1.2,1.2226231493960533,0.044646866014693996,0.4076341578115154,0.039518016324179735,0.8844749195739483,0.03078843481468151,8.55663776397705
grid,175,9,0.08,3.0,1.0,0.8,1.2260911885869425,0.0456202501764563,0.40400128434699933,0.0438601353779079,0.8884085599918722,0.033495063593839296,8.69088625907898
grid,176,9,0.08,3.0,1.0,1.0,1.22409895116687,0.044624334531888674,0.4061631947335929,0.04008173198518436,0.8860345144339273,0.030060444394582803,8.49689269065857
grid,177,9,0.08,3.0,1.0,1.2,1.225637510665763,0.04265419819801953,0.4045934220224564,0.04030271327374907,0.8885584220316926,0.0302993176233002,8.378662586212158
grid,178,9,0.08,3.0,1.2,0.8,1.2263279296401441,0.04399301715067216,0.40390360574823064,0.041221785674721886,0.8882920968211089,0.03132510620525024,8.3384108543396
grid,179,9,0.08,3.0,1.2,1.0,1.2254422631735684,0.045065300700789034,0.4048452186976883,0.040569439104316575,0.8871601788936403,0.030316978453264146,8.982836723327637
grid,180,9,0.08,3.0,1.2,1.2,1.2267976100398394,0.04389898282420156,0.40346698414038135,0.04088360920126085,0.8884062056910439,0.031220653754060704,8.572651147842407
grid,181,9,0.08,4.0,0.8,0.8,1.2244639841822231,0.042936445306079214,0.4058245952806628,0.03896486806905372,0.8866630378553712,0.029307246336574888,8.425468444824219
grid,182,9,0.08,4.0,0.8,1.0,1.22607340298855,0.04284258982257071,0.40404349527656425,0.04220074522001114,0.887739851723332,0.03145548816891956,8.382868528366089
grid,183,9,0.08,4.0,0.8,1.2,1.222622760538878,0.04292923750398358,0.40764116799090794,0.03851506689711893,0.8843230520410568,0.029925815041491773,8.5228111743927
grid,184,9,0.08,4.0,1.0,0.8,1.2289725492461794,0.04402175167456126,0.40108384070686826,0.04479546378385377,0.891410912913383,0.03255835109969759,8.893783330917358
grid,185,9,0.08,4.0,1.0,1.0,1.225902020975101,0.04421543080755129,0.4043416786873658,0.04097729204520131,0.8885183748409258,0.030279053725989786,8.557534456253052
grid,186,9,0.08,4.0,1.0,1.2,1.2273443801917225,0.0396349084284206,0.40289118566804766,0.03944155048706398,0.8904500416912194,0.028839091213129556,8.486318349838257
grid,187,9,0.08,4.0,1.2,0.8,1.2230516161988612,0.0451443025315605,0.4072606241904909,0.03913985696233045,0.8849084826040473,0.031019918790195403,8.459359645843506
grid,188,9,0.08,4.0,1.2,1.0,1.222643923074426,0.046223457552234136,0.4076102209115744,0.04033141985669448,0.8838962754834723,0.03180452105888818,9.186283826828003
grid,189,9,0.08,4.0,1.2,1.2,1.2268654644945833,0.04174964295792208,0.40333352178190224,0.04091390961522789,0.8899874238991972,0.03051272095499469,8.550177097320557
grid,190,9,0.1,2.0,0.8,0.8,1.222044483462931,0.04692946646815603,0.4083276583364796,0.03878937268879459,0.8831574970266525,0.03107694202946629,8.762306928634644
grid,191,9,0.1,2.0,0.8,1.0,1.2243077666795508,0.04123797581450274,0.40591263322636556,0.0389359566377311,0.8862360327725904,0.028453584468114426,8.574620962142944
grid,192,9,0.1,2.0,0.8,1.2,1.2254405043580965,0.043059859569162175,0.4048144341788634,0.040008894084771526,0.8869398525612973,0.0303522037379916,8.635003328323364
grid,193,9,0.1,2.0,1.0,0.8,1.2244001288273019,0.040014405391395176,0.40572973048252514,0.039813818363820065,0.8871486625310812,0.028665662031126693,8.176026582717896
grid,194,9,0.1,2.0,1.0,1.0,1.2286870608766425,0.04238035815530899,0.4015109404131797,0.041838560780837857,0.890937332226071,0.03115381316396007,8.117920160293579
grid,195,9,0.1,2.0,1.0,1.2,1.2266605687602485,0.04270152217725856,0.4036498617068632,0.03957590466806981,0.8874363085956893,0.029339786328349413,8.034794330596924
grid,196,9,0.1,2.0,1.2,0.8,1.2241301952758321,0.042442777880270885,0.4060208557655665,0.04065409812479351,0.8861992556005591,0.02982629274914198,8.019204139709473
grid,197,9,0.1,2.0,1.2,1.0,1.2249049585863514,0.04202253580248445,0.40536191052975507,0.038849093818735816,0.8862176324195795,0.02907136688706173,8.009351015090942
grid,198,9,0.1,2.0,1.2,1.2,1.222690262509046,0.04239474189652768,0.40766046516352733,0.03679377414804827,0.8829300799477859,0.029154531447594164,8.198945999145508
grid,199,9,0.1,3.0,0.8,0.8,1.2202938256524791,0.04530619417176988,0.40983907667207375,0.04032266353845148,0.881282671153033,0.031847827201846084,8.899125099182129
grid,200,9,0.1,3.0,0.8,1.0,1.2247363957231467,0.04178243428026185,0.4056341534933006,0.037167174397495,0.885495763944314,0.028991892148250303,8.670935869216919
grid,201,9,0.1,3.0,0.8,1.2,1.2253561823065517,0.042460582781483354,0.4049342741201487,0.03908495071230582,0.8862440218988302,0.028903611258273638,8.617487907409668
grid,202,9,0.1,3.0,1.0,0.8,1.2292742509149215,0.04080996085820172,0.4007407341885022,0.044041712127296344,0.891955779448175,0.032999843244811033,8.560467004776001
grid,203,9,0.1,3.0,1.0,1.0,1.2286121264493615,0.040269172264786754,0.4015742141067188,0.04096355251699035,0.8906817178728679,0.031058346535780892,8.663967847824097
grid,204,9,0.1,3.0,1.0,1.2,1.2253595290193595,0.041964347333181586,0.40504508544287904,0.03718002550861542,0.8874880965640252,0.02829097085457018,8.580604791641235
grid,205,9,0.1,3.0,1.2,0.8,1.2247394566544654,0.03992757599108528,0.40544061066767123,0.03916011787660626,0.887150729307673,0.02798887452403871,8.586644649505615
grid,206,9,0.1,3.0,1.2,1.0,1.2265252785186973,0.04030199801443708,0.4037142020258818,0.039251773613177214,0.8880755432491206,0.029254150383517478,8.65034532546997
grid,207,9,0.1,3.0,1.2,1.2,1.2221843330996405,0.04225082313198582,0.40808441216608715,0.03772619486365921,0.883807683435162,0.02921925933118856,8.550920486450195
grid,208,9,0.1,4.0,0.8,0.8,1.2206051254992523,0.044298641096737396,0.40978557573673025,0.036182884499446746,0.8811438215585163,0.029963557672218446,8.549756050109863
grid,209,9,0.1,4.0,0.8,1.0,1.2266856562845254,0.04676667177870172,0.403574639616496,0.042331536700558565,0.8864150424467716,0.03216157552115449,8.558910131454468
grid,210,9,0.1,4.0,0.8,1.2,1.2245996538380475,0.04181039645674174,0.40566740387938915,0.03878299465188828,0.8866795539922954,0.028733207044107666,8.610706090927124
grid,211,9,0.1,4.0,1.0,0.8,1.2251884253623397,0.04093858120847765,0.4049300022247554,0.040787590435482655,0.8872164194387651,0.030092105940065388,8.86701512336731
grid,212,9,0.1,4.0,1.0,1.0,1.2267619845283684,0.04144546675457495,0.4033767297247411,0.041390642177330954,0.8894523395777238,0.030113470296186964,8.173320531845093
grid,213,9,0.1,4.0,1.0,1.2,1.2243542785271562,0.0452475691577742,0.4058875853721363,0.04084631170130588,0.8858253638905499,0.03130265302671835,8.080678224563599
grid,214,9,0.1,4.0,1.2,0.8,1.2222497660773568,0.045963021360052696,0.4081269064172176,0.03825126382693497,0.8830562136276591,0.029957582943829657,8.216670274734497
grid,215,9,0.1,4.0,1.2,1.0,1.2285075815087079,0.0388469743687609,0.40155935142049587,0.04211181346090453,0.8919152397095236,0.031322217769984124,8.099746704101562
grid,216,9,0.1,4.0,1.2,1.2,1.2249824192378616,0.04211615256445463,0.40518545258575217,0.04056354156049751,0.8880478714724902,0.029539119012457735,8.371669054031372
grid,217,9,0.12,2.0,0.8,0.8,1.2205116806216108,0.040014108666962096,0.4099128979305505,0.03296605785079342,0.880074523227691,0.025617099359725615,8.388979434967041
grid,218,9,0.12,2.0,0.8,1.0,1.2239789796526435,0.04285117916400738,0.4063807093603238,0.0375818073853866,0.8854488451282834,0.028604191495664084,8.125322103500366
grid,219,9,0.12,2.0,0.8,1.2,1.22451921698388,0.043559848707481794,0.4058482587893687,0.03816755646837889,0.8849017634906255,0.029349093367192658,8.745364665985107
grid,220,9,0.12,2.0,1.0,0.8,1.224176202118025,0.040122316822618825,0.40621327912757205,0.035801102477428945,0.8858046545817991,0.027006958792959453,9.091426610946655
grid,221,9,0.12,2.0,1.0,1.0,1.2337211148829978,0.04070075080311303,0.39618145027437884,0.047239541141150934,0.8961841919477502,0.034259694000086174,8.521549940109253
grid,222,9,0.12,2.0,1.0,1.2,1.2247496641339108,0.0453732656788965,0.4055401760977115,0.04027106200277594,0.8852910170107553,0.03136683463278169,8.688059091567993
grid,223,9,0.12,2.0,1.2,0.8,1.2246347172976904,0.04305855542675615,0.4053817945878886,0.04294748741302813,0.8869858238340267,0.031562913457234186,9.456943273544312
grid,224,9,0.12,2.0,1.2,1.0,1.2248515184414552,0.03983684631699205,0.40543573982150977,0.03757960264323767,0.8865112250378235,0.028122956216732352,8.934553384780884
grid,225,9,0.12,2.0,1.2,1.2,1.2316473704868593,0.040607745594280674,0.39854143056683144,0.0424773627942687,0.8925950877385003,0.030965815015228444,8.831262826919556
grid,226,9,0.12,3.0,0.8,0.8,1.2279424614612502,0.038429520454613494,0.4023209008773909,0.038810158819024373,0.8879693394520212,0.027514117702138585,8.740659952163696
grid,227,9,0.12,3.0,0.8,1.0,1.2239621523706716,0.043449397672372755,0.4063564018678149,0.03860040861424813,0.8852457867881366,0.028415801914881456,8.77081847190857
grid,228,9,0.12,3.0,0.8,1.2,1.2243053270565654,0.04024527962561551,0.40613744948205344,0.034966080428997584,0.8846471939617973,0.026861622772513586,8.404535293579102
grid,229,9,0.12,3.0,1.0,0.8,1.2202794696075174,0.04211800107482734,0.41002388980731325,0.03602988084197942,0.8812135201139769,0.027272071894059804,8.427096843719482
grid,230,9,0.12,3.0,1.0,1.0,1.2278931032588587,0.04016156063880948,0.40226190326193284,0.041148472873800364,0.8895627602193874,0.03001681188736239,8.254284381866455
grid,231,9,0.12,3.0,1.0,1.2,1.221662363641774,0.0418325631405153,0.40872887335698865,0.03531171215322494,0.8818052819753831,0.028870138820797666,8.422677993774414
grid,232,9,0.12,3.0,1.2,0.8,1.2266800644934377,0.041274722281811685,0.4034276058743256,0.04171367002052984,0.8887922521245099,0.030312060867785887,8.242981910705566
grid,233,9,0.12,3.0,1.2,1.0,1.2311284174963304,0.03974378571208675,0.3989567309239865,0.043253494937803866,0.8925006255899351,0.032229748925241365,8.268750190734863
grid,234,9,0.12,3.0,1.2,1.2,1.2291254535839724,0.04269501902078551,0.40085410900719404,0.04522212547166793,0.8912759189104925,0.03372021834946609,8.285000324249268
grid,235,9,0.12,4.0,0.8,0.8,1.2252997655949311,0.04037961126162256,0.40491037240165595,0.0392345801534404,0.8865346908732267,0.028003890929039914,8.386033773422241
grid,236,9,0.12,4.0,0.8,1.0,1.2196461436351629,0.04355460968381969,0.4107143559944714,0.03561701623101058,0.8808984452058043,0.02840944942737796,8.427243709564209
grid,237,9,0.12,4.0,0.8,1.2,1.2202477334307116,0.04399987167439296,0.41022033912703765,0.03458555809066759,0.8809266814293657,0.029485978212459563,8.316096782684326
grid,238,9,0.12,4.0,1.0,0.8,1.2224344339739504,0.041394982993166414,0.40778152343456747,0.038286420907011176,0.8852131391129452,0.028784787331686615,8.308417320251465
grid,239,9,0.12,4.0,1.0,1.0,1.229483967739575,0.03894048877635938,0.4006868355885514,0.04106970272818029,0.8910800092693238,0.029292147453499374,8.23864221572876
grid,240,9,0.12,4.0,1.0,1.2,1.224315299609252,0.03939747931729924,0.4060800754900832,0.03537694256364749,0.8854888660638489,0.027149496293247255,8.701199531555176
grid,241,9,0.12,4.0,1.2,0.8,1.2239382451979082,0.03944625587355177,0.4061713612747389,0.039642469711467676,0.8874113589816531,0.028319316232394507,8.256276369094849
grid,242,9,0.12,4.0,1.2,1.0,1.2227945662356259,0.04220441145759187,0.40759160444001485,0.03621423124350774,0.8841438826150106,0.02809279426949761,8.215393543243408
grid,243,9,0.12,4.0,1.2,1.2,1.227139304677341,0.038917965262259525,0.4028280324186144,0.04300324705450962,0.8901912134953303,0.03171873619056414,8.267265796661377
